{
    "model" : "EDXS",
    "model_parameters" :{"params_dict" : {"c0" : 1.19317177, 
                                          "c1" : 9.96004838,
                                          "c2" : 6.1023e-09,
                                          "b0" : 0.30161709,
                                          "b1" : -0.21845603,
                                          "b2" : 0.05606891},
                         "db_name" : "default_xrays.json",
                         "width_slope" : 0.01,
                         "width_intercept" : 0.065},
    "g_parameters" : {"elements_list" : [29,30,31,40,78,81,12,13,14,20,26,92,71,72,60,62],
                      "brstlg" : 1},
    "data_file" : "88_ES-LP_G8_selection2_cropped2.hspy"
}
