{
    "model": "EDXS",
    "N": 100,
    "densities": [
        1.6464405117819743,
        2.1455680991172583,
        1.8082901282149315
    ],
    "data_folder": "aspim40_3_random_phases",
    "seeds_range": 10,
    "weights_parameters": {
        "weight_type": "sphere",
        "shape_2D": [
            80,
            80
        ]
    },
    "model_parameters": {
        "e_offset": 0.2,
        "e_size": 1980,
        "e_scale": 0.01,
        "db_name": "default_xrays.json",
        "params_dict": {
            "Abs": {
                "thickness": 1e-05,
                "density": null,
                "toa": 22,
                "atomic_fraction": true
            }
        }
    },
    "g_parameters": {
        "brstlg": true,
        "elements_list": [
            "13",
            "72",
            "92",
            "31",
            "8",
            "29",
            "20",
            "60",
            "12",
            "14",
            "26",
            "71",
            "62"
        ]
    },
    "phases_parameters": [
        {
            "b0": 4.3298e-09,
            "b1": 6.7732e-07,
            "elements_dict": {
                "8": 1.0,
                "12": 0.51,
                "14": 0.61,
                "13": 0.07,
                "20": 0.04,
                "62": 0.02,
                "26": 0.028,
                "60": 0.002,
                "71": 0.003,
                "72": 0.003,
                "29": 0.02
            },
            "scale": 0.1
        },
        {
            "b0": 1.3298e-09,
            "b1": 7.7732e-07,
            "elements_dict": {
                "8": 0.54,
                "26": 0.15,
                "12": 1.0,
                "29": 0.038,
                "92": 0.0052,
                "60": 0.004,
                "31": 0.03,
                "71": 0.003
            },
            "scale": 0.1
        },
        {
            "b0": 5.3298e-09,
            "b1": 3.7732e-07,
            "elements_dict": {
                "8": 1.0,
                "14": 0.12,
                "13": 0.18,
                "20": 0.47,
                "62": 0.04,
                "26": 0.004,
                "60": 0.008,
                "72": 0.004,
                "29": 0.01
            },
            "scale": 0.1
        }
    ]
}