{
    "model": "EDXS",
    "N": 100,
    "densities": [
        1.3079847064260113,
        0.077778695483674,
        1.6489874336361274,
        1.3059671778548307
    ],
    "data_folder": "aspim039_random_phases",
    "seeds_range": 10,
    "weights_parameters": {
        "weight_type": "sphere",
        "shape_2D": [
            80,
            80
        ]
    },
    "model_parameters": {
        "e_offset": 0.2,
        "e_size": 1980,
        "e_scale": 0.01,
        "db_name": "default_xrays.json",
        "params_dict": {
            "Abs": {
                "thickness": 1e-05,
                "density": null,
                "toa": 22,
                "atomic_fraction": true
            }
        }
    },
    "g_parameters": {
        "brstlg": true,
        "elements_list": [
            65,
            8,
            41,
            40,
            77,
            79,
            19,
            21,
            23,
            24,
            57,
            62
        ]
    },
    "phases_parameters": [
        {
            "b0": 9.916417915197309e-08,
            "b1": 4.086035423788159e-09,
            "elements_dict": {
                "65": 0.3882703450260805,
                "62": 0.057809492649791405,
                "8": 0.26907364366190967
            },
            "scale": 1.0
        },
        {
            "b0": 6.805898749203578e-08,
            "b1": 1.1744958680692463e-08,
            "elements_dict": {
                "19": 0.7899473314728132,
                "77": 0.04066657595117984,
                "21": 0.2531300922325377
            },
            "scale": 1.0
        },
        {
            "b0": 6.073899069994539e-08,
            "b1": 5.247056676081096e-08,
            "elements_dict": {
                "41": 0.7019716183147052,
                "23": 0.7596777749898028,
                "40": 0.06266649238048938
            },
            "scale": 1.0
        },
        {
            "b0": 4.319715359619624e-08,
            "b1": 3.5849853350996606e-08,
            "elements_dict": {
                "79": 0.9967112472287689,
                "57": 0.27829023036603606,
                "24": 0.19612601853924572
            },
            "scale": 1.0
        }
    ]
}