{
    "p0" : {"Fe" : 9.30863951e-02, "Al" : 1.98373399e-01, "Nd" : 0.0, "Mg" : 9.50741708e-01, "Sm" : 0.0, "Cu" : 3.65761409e-01, "Si" : 8.98830700e-01, "Ca" : 1.24602716e-01, "Lu" : 0.0, "Hf" : 1.24219589e-01, "O" : 1.03563732e+00, "Ti" : 0.0},
    "p1" : {},
    "p2" : {}
}