{
    "p0" : {"Fe" : 3.29160862e+00, "Al" : 1.57731834e+00, "Nd" : 0.0, "Mg" : 1.56346985e+01, "Sm" : 0.0, "Cu" : 5.92151062e+00, "Si" : 1.44423294e+01, "Ca" : 2.14438707e+00, "Lu" : 0.0, "Hf" : 1.98268294e+00, "O" : 1.67923235e+01, "Ti" : 0.0},
    "p1" : {},
    "p2" : {}
}