{
"paths" : {"xray_db" : "Data\\simple_xrays_threshold.json",
           "data" : "Data/aspim037_N100_2ptcls_brstlg",
           "init_spectrum" : "init_spectrum_aspim037.txt",
          },
"brstlg_pars" : {
                "c0"  :  2.67850941,
                "c1"  :  10.1340300,
                "c2"  :  6.5843e-08,
                "b1"  :  -0.70124958,
                "b2"  :  0.17022896,
                },
"tol" : 1e-4,
"max_iter" : 50000,
"b_tol" : 0.1,
"phases" : 3,
"elements_list" : [8,13,14,12,26,29,31,72,71,62,60,92,20],
}