{
    "inputs": {
        "data_file": "aspim038_toy.npz",
        "filename": "NMF_results",
        "g_parameters": {
            "brstlg": 1,
            "element_list": [
                8,
                13,
                14,
                12,
                26,
                29,
                31,
                72,
                71,
                62,
                60,
                92,
                20
            ]
        },
        "hyperparameters": {
            "debug": 1,
            "epsilon_reg": 1.0,
            "force_simplex": 1,
            "init": "warn",
            "max_iter": 10000,
            "mu": 1.0,
            "n_components": 3,
            "random_state": 1,
            "tol": 0.0001
        },
        "model": "ToyModel",
        "model_parameters": {
            "db_name": "simple_xrays_threshold.json",
            "e_offset": 0.2081,
            "e_scale": 0.01,
            "e_size": 25,
            "params_dict": {
                "b0": 1.2,
                "b1": -0.06,
                "b2": 0.00683,
                "c": 10,
                "c0": 0.094,
                "c1": 1417,
                "c2": 1e-06,
                "k": 3
            },
            "seed": 1,
            "width_intercept": 0.065,
            "width_slope": 0.01
        }
    },
    "results": {
        "angles": [
            16.301418630913297,
            20.832670979199204,
            24.300013282353973
        ],
        "mse": [
            9.841061196089644,
            14.433690043448948,
            41.346934492650675
        ]
    }
}